{
    "epoch": 10.0,
    "eval_accuracy": 0.6352941176470588,
    "eval_loss": 1.0160140991210938,
    "eval_runtime": 0.8405,
    "eval_samples_per_second": 101.135,
    "eval_steps_per_second": 13.088,
    "total_flos": 3.8902722072367104e+17,
    "train_loss": 0.3804276719689369,
    "train_runtime": 80.487,
    "train_samples_per_second": 62.37,
    "train_steps_per_second": 3.976
}